"Ticker","Period","Date","Open","High","Low","Close","Volume"
"ZBH","Day","Oct 10, 2023",110.66000366210938,112.94999694824219,110.22000122070312,112.19000244140625,986292
"ZBH","Day","Oct 9, 2023",110.2699966430664,111.13500213623047,109.7969970703125,110.69000244140625,865889
"ZBH","Day","Oct 6, 2023",108.75,111.69999694824219,108.19999694824219,110.91000366210938,1570494
"ZBH","Day","Oct 5, 2023",110.04000091552734,110.3499984741211,108.19999694824219,109.30000305175781,1048202
"ZBH","Day","Oct 4, 2023",110.58000183105469,110.98999786376953,108.0999984741211,109.69000244140625,1597561
"ZBH","Day","Oct 3, 2023",110.66000366210938,111.29000091552734,108.62999725341797,110.31999969482422,1850374
"ZBH","Day","Oct 2, 2023",111.3499984741211,111.93000030517578,110.8499984741211,111.41999816894531,1445430
"ZBH","Day","Sep 29, 2023",113.16000366210938,114.1500015258789,111.7699966430664,112.22000122070312,1987046
"ZBH","Day","Sep 28, 2023",111.,114.33999633789062,110.95999908447266,112.45999908447266,1939050
"ZBH","Day","Sep 27, 2023",112.62000274658203,112.80000305175781,108.5199966430664,110.76000213623047,3121313
"ZBH","Day","Sep 26, 2023",116.7699966430664,117.11000061035156,112.41999816894531,112.45999908447266,3610515
"ZBH","Day","Sep 25, 2023",116.77999877929688,117.61499786376953,116.50499725341797,117.3499984741211,886673
"ZBH","Day","Sep 22, 2023",117.2699966430664,117.63500213623047,116.37000274658203,116.8499984741211,1267357
"ZBH","Day","Sep 21, 2023",119.87999725341797,119.9000015258789,117.7699966430664,117.80000305175781,1489201
"ZBH","Day","Sep 20, 2023",122.3499984741211,122.44000244140625,120.16000366210938,120.30999755859375,1055928
"ZBH","Day","Sep 19, 2023",122.,122.3499984741211,120.77999877929688,121.61000061035156,970189
"ZBH","Day","Sep 18, 2023",121.30999755859375,123.01000213623047,121.22000122070312,122.02999877929688,1580886
"ZBH","Day","Sep 15, 2023",121.38999938964844,123.06999969482422,120.82499694824219,121.30999755859375,2547091
"ZBH","Day","Sep 14, 2023",120.91999816894531,122.01000213623047,120.41999816894531,121.62000274658203,996579
"ZBH","Day","Sep 13, 2023",121.27999877929688,121.83000183105469,120.5,120.62999725341797,1160939
"ZBH","Day","Sep 12, 2023",122.41999816894531,122.9800033569336,121.30999755859375,121.43000030517578,957111
"ZBH","Day","Sep 11, 2023",121.22000122070312,123.3499984741211,121.0270004272461,122.44000244140625,1285958
"ZBH","Day","Sep 8, 2023",120.37000274658203,121.56999969482422,119.81999969482422,120.6500015258789,1104475
"ZBH","Day","Sep 7, 2023",123.7699966430664,123.7699966430664,120.02999877929688,120.51000213623047,1816447
"ZBH","Day","Sep 6, 2023",117.7699966430664,123.66000366210938,117.5,122.66999816894531,3625247
"ZBH","Day","Sep 5, 2023",119.55999755859375,120.04000091552734,117.80000305175781,117.80999755859375,1645019
"ZBH","Day","Sep 1, 2023",119.61000061035156,119.79499816894531,118.11000061035156,119.44999694824219,1463339
"ZBH","Day","Aug 31, 2023",120.62999725341797,121.08999633789062,119.12000274658203,119.12000274658203,2745974
"ZBH","Day","Aug 30, 2023",119.30000305175781,120.87999725341797,118.7300033569336,120.23999786376953,2017978
"ZBH","Day","Aug 29, 2023",117.93000030517578,119.41999816894531,117.13999938964844,119.2300033569336,2213769
"ZBH","Day","Aug 28, 2023",119.,119.2979965209961,116.04000091552734,117.52999877929688,2658507
"ZBH","Day","Aug 25, 2023",114.58000183105469,115.77999877929688,114.16000366210938,115.23999786376953,1456737
"ZBH","Day","Aug 24, 2023",114.88999938964844,115.33000183105469,113.98999786376953,114.31999969482422,1953143
"ZBH","Day","Aug 23, 2023",116.55000305175781,116.80999755859375,114.37999725341797,114.8499984741211,2755237
"ZBH","Day","Aug 22, 2023",117.4000015258789,118.1050033569336,114.75,115.75,3648941
"ZBH","Day","Aug 21, 2023",119.44000244140625,120.54000091552734,119.0199966430664,120.3499984741211,1248085
"ZBH","Day","Aug 18, 2023",119.08999633789062,119.58999633789062,118.16999816894531,119.18000030517578,1329563
"ZBH","Day","Aug 17, 2023",121.3499984741211,121.5510025024414,119.41000366210938,119.44000244140625,1007080
"ZBH","Day","Aug 16, 2023",122.06999969482422,122.81999969482422,120.91000366210938,120.9800033569336,943759
"ZBH","Day","Aug 15, 2023",123.16999816894531,123.94000244140625,122.26000213623047,122.5199966430664,994791
"ZBH","Day","Aug 14, 2023",124.,124.75,123.6050033569336,123.70999908447266,838874
"ZBH","Day","Aug 11, 2023",124.5999984741211,125.19999694824219,123.79000091552734,123.93000030517578,1778263
"ZBH","Day","Aug 10, 2023",125.63999938964844,126.48999786376953,124.80999755859375,124.8499984741211,856520
"ZBH","Day","Aug 9, 2023",125.16000366210938,127.41999816894531,124.97000122070312,125.20999908447266,1401729
"ZBH","Day","Aug 8, 2023",125.,125.2490005493164,123.19000244140625,124.86000061035156,1787573
"ZBH","Day","Aug 7, 2023",126.7699966430664,127.2699966430664,125.41000366210938,125.62999725341797,1273325
"ZBH","Day","Aug 4, 2023",125.95999908447266,128.16000366210938,125.80500030517578,126.31999969482422,1560271
"ZBH","Day","Aug 3, 2023",127.6500015258789,127.6500015258789,125.58499908447266,125.79000091552734,2094357
"ZBH","Day","Aug 2, 2023",131.77999877929688,131.97000122070312,127.73999786376953,128.3800048828125,2264109
"ZBH","Day","Aug 1, 2023",131.0800018310547,134.,130.2100067138672,132.27000427246094,3495101
"ZBH","Day","Jul 31, 2023",139.30999755859375,139.30999755859375,137.6750030517578,138.14999389648438,1619498
"ZBH","Day","Jul 28, 2023",140.4499969482422,140.77000427246094,138.50999450683594,139.33999633789062,997061
"ZBH","Day","Jul 27, 2023",142.44000244140625,142.5399932861328,139.85000610351562,139.86000061035156,1441744
"ZBH","Day","Jul 26, 2023",139.77000427246094,142.26199340820312,139.4600067138672,141.82000732421875,996582
"ZBH","Day","Jul 25, 2023",140.47000122070312,140.76499938964844,139.30999755859375,140.3000030517578,842766
"ZBH","Day","Jul 24, 2023",142.4499969482422,143.08999633789062,140.4499969482422,140.8699951171875,1466758
"ZBH","Day","Jul 21, 2023",142.5399932861328,143.24000549316406,141.84500122070312,142.22999572753906,1123235
"ZBH","Day","Jul 20, 2023",140.1199951171875,143.08999633789062,139.67999267578125,142.72999572753906,1464965
"ZBH","Day","Jul 19, 2023",140.8699951171875,141.72000122070312,139.58999633789062,140.7899932861328,1013688
"ZBH","Day","Jul 18, 2023",140.1199951171875,141.2449951171875,139.3000030517578,140.86000061035156,1097926
"ZBH","Day","Jul 17, 2023",142.11000061035156,142.86000061035156,140.32000732421875,140.66000366210938,1297010
"ZBH","Day","Jul 14, 2023",143.27000427246094,144.1300048828125,142.13999938964844,142.3699951171875,1191169
"ZBH","Day","Jul 13, 2023",142.58999633789062,143.2899932861328,141.8699951171875,143.11000061035156,966457
"ZBH","Day","Jul 12, 2023",143.89999389648438,143.89999389648438,141.88999938964844,142.64999389648438,969516
"ZBH","Day","Jul 11, 2023",142.05999755859375,143.27999877929688,141.52999877929688,143.17999267578125,819889
"ZBH","Day","Jul 10, 2023",141.25,142.64999389648438,141.16000366210938,142.50999450683594,1421384
"ZBH","Day","Jul 7, 2023",140.60000610351562,141.35000610351562,139.83999633789062,140.86000061035156,1165529
"ZBH","Day","Jul 6, 2023",141.69000244140625,141.85000610351562,140.16000366210938,141.1999969482422,886030
"ZBH","Day","Jul 5, 2023",142.4199981689453,142.57000732421875,141.27999877929688,142.36000061035156,1181562
"ZBH","Day","Jul 3, 2023",144.8000030517578,144.8000030517578,142.50999450683594,142.50999450683594,662521
"ZBH","Day","Jun 30, 2023",146.22999572753906,147.5,145.50999450683594,145.60000610351562,1290481
"ZBH","Day","Jun 29, 2023",143.16000366210938,146.2100067138672,143.02000427246094,145.14999389648438,1169949
"ZBH","Day","Jun 28, 2023",144.49000549316406,145.73699951171875,143.77000427246094,144.,1019822
"ZBH","Day","Jun 27, 2023",142.82000732421875,144.8699951171875,142.2899932861328,144.80999755859375,855349
"ZBH","Day","Jun 26, 2023",143.8699951171875,144.28500366210938,141.60000610351562,142.80999755859375,1109997
"ZBH","Day","Jun 23, 2023",143.72999572753906,145.02999877929688,142.50999450683594,143.99000549316406,1560614
"ZBH","Day","Jun 22, 2023",143.19000244140625,144.75,142.72000122070312,144.5800018310547,921953
"ZBH","Day","Jun 21, 2023",143.3000030517578,143.42999267578125,142.33999633789062,142.88999938964844,1127468
"ZBH","Day","Jun 20, 2023",143.3000030517578,144.5800018310547,142.2050018310547,143.66000366210938,1297662
"ZBH","Day","Jun 16, 2023",144.0399932861328,144.75,142.92999267578125,144.10000610351562,2813511
"ZBH","Day","Jun 15, 2023",141.9199981689453,142.58999633789062,140.61000061035156,142.5800018310547,1488043
"ZBH","Day","Jun 14, 2023",141.10000610351562,146.,141.10000610351562,142.00999450683594,2942234
"ZBH","Day","Jun 13, 2023",135.08999633789062,137.1300048828125,134.5800018310547,136.8300018310547,747714
"ZBH","Day","Jun 12, 2023",135.67999267578125,136.57000732421875,134.38999938964844,135.5500030517578,1053153
"ZBH","Day","Jun 9, 2023",134.69000244140625,136.35000610351562,134.22000122070312,136.00999450683594,1291534
"ZBH","Day","Jun 8, 2023",133.50999450683594,136.4499969482422,133.25,135.2899932861328,2329099
"ZBH","Day","Jun 7, 2023",130.49000549316406,133.52000427246094,130.09500122070312,133.07000732421875,2151822
"ZBH","Day","Jun 6, 2023",130.72000122070312,131.0260009765625,129.14999389648438,130.27000427246094,787122
"ZBH","Day","Jun 5, 2023",130.,130.6999969482422,129.6199951171875,130.47000122070312,993780
"ZBH","Day","Jun 2, 2023",127.81999969482422,130.1199951171875,127.36000061035156,129.80999755859375,1441066
"ZBH","Day","Jun 1, 2023",127.54000091552734,127.8499984741211,126.5250015258789,127.36000061035156,1560042
"ZBH","Day","May 31, 2023",125.44000244140625,127.5199966430664,124.69999694824219,127.33999633789062,6918783
"ZBH","Day","May 30, 2023",127.27999877929688,127.93000030517578,125.88999938964844,126.43000030517578,1234159
"ZBH","Day","May 26, 2023",127.83000183105469,129.36000061035156,127.05000305175781,127.6500015258789,1354378
"ZBH","Day","May 25, 2023",127.75,128.8800048828125,126.4000015258789,127.80000305175781,1390451
"ZBH","Day","May 24, 2023",129.82000732421875,129.85499572753906,128.3800048828125,128.6199951171875,1168968
"ZBH","Day","May 23, 2023",134.4499969482422,134.92999267578125,130.2449951171875,130.32000732421875,1153706
"ZBH","Day","May 22, 2023",135.22999572753906,137.1699981689453,135.22000122070312,135.27000427246094,1244263
"ZBH","Day","May 19, 2023",135.2100067138672,136.5399932861328,133.9600067138672,135.,2356968
"ZBH","Day","May 18, 2023",134.29,135.42,133.9,135.02,1132820
"ZBH","Day","May 17, 2023",135.13,135.57,133.41,134.33,1071524
"ZBH","Day","May 16, 2023",136.18,136.47,134.81,134.84,929427
"ZBH","Day","May 15, 2023",136.78,137.7,136.53,136.82,905335
"ZBH","Day","May 12, 2023",136.79,137.42,136.04,136.75,840650
"ZBH","Day","May 11, 2023",137.,138.,136.18,136.69,899744
"ZBH","Day","May 10, 2023",136.58,137.91,135.,137.42,1163414
"ZBH","Day","May 9, 2023",137.04,137.68,136.02,136.05,1017634
"ZBH","Day","May 8, 2023",137.22,137.94,135.97,137.44,1304512
"ZBH","Day","May 5, 2023",137.15,138.22,136.82,137.91,995894
"ZBH","Day","May 4, 2023",138.46,138.72,136.39,136.63,1410570
"ZBH","Day","May 3, 2023",143.99,144.49,139.16,139.62,1820380
"ZBH","Day","May 2, 2023",146.,149.25,142.14,143.01,4609859
"ZBH","Day","May 1, 2023",138.28,139.86,138.02,138.83,2006654
"ZBH","Day","Apr 28, 2023",138.12,139.25,137.7,138.44,1496882
"ZBH","Day","Apr 27, 2023",138.8,139.72,137.4,138.35,1310585
"ZBH","Day","Apr 26, 2023",138.66,139.2,137.47,139.08,1440599
"ZBH","Day","Apr 25, 2023",137.95,139.2,137.95,139.06,1530855
"ZBH","Day","Apr 24, 2023",138.53,138.82,137.67,138.14,748061
"ZBH","Day","Apr 21, 2023",139.28,140.29,137.37,137.92,1280983
"ZBH","Day","Apr 20, 2023",138.06,138.95,137.52,138.35,1494096
"ZBH","Day","Apr 19, 2023",134.56,138.74,134.4,138.12,2192635
"ZBH","Day","Apr 18, 2023",133.98,134.49,132.72,134.32,1091591
"ZBH","Day","Apr 17, 2023",132.42,133.75,131.93,133.46,862100
"ZBH","Day","Apr 14, 2023",132.42,132.91,131.7,132.37,647855
"ZBH","Day","Apr 13, 2023",131.84,132.55,131.16,132.52,846995
"ZBH","Day","Apr 12, 2023",132.,133.78,131.1,131.59,1522122
"ZBH","Day","Apr 11, 2023",130.25,131.58,129.75,131.38,1327498
"ZBH","Day","Apr 10, 2023",128.35,128.38,126.86,128.15,791625
"ZBH","Day","Apr 6, 2023",128.59,129.37,127.81,129.17,780982
"ZBH","Day","Apr 5, 2023",128.37,129.18,127.85,128.59,1064814
"ZBH","Day","Apr 4, 2023",128.38,128.67,127.39,127.92,1273810
"ZBH","Day","Apr 3, 2023",128.82,129.12,127.62,128.04,859126
"ZBH","Day","Mar 31, 2023",127.92,129.32,127.68,129.2,1212585
"ZBH","Day","Mar 30, 2023",127.62,127.62,126.15,126.76,791488
"ZBH","Day","Mar 29, 2023",126.05,126.94,125.52,126.74,933390
"ZBH","Day","Mar 28, 2023",125.34,127.12,124.91,126.14,846708
"ZBH","Day","Mar 27, 2023",127.36,127.82,125.82,126.,822704
"ZBH","Day","Mar 24, 2023",124.73,126.12,123.77,126.04,880470
"ZBH","Day","Mar 23, 2023",125.13,126.05,124.49,124.96,1157818
"ZBH","Day","Mar 22, 2023",127.61,128.43,125.31,125.39,959030
"ZBH","Day","Mar 21, 2023",127.08,127.89,126.56,127.79,993101
"ZBH","Day","Mar 20, 2023",124.62,126.53,124.4,126.33,889307
"ZBH","Day","Mar 17, 2023",125.35,125.38,123.83,124.31,1397091
"ZBH","Day","Mar 16, 2023",123.87,125.48,123.33,125.43,987774
"ZBH","Day","Mar 15, 2023",124.59,125.55,123.48,125.26,1361332
"ZBH","Day","Mar 14, 2023",125.84,127.1,125.26,126.63,1944666
"ZBH","Day","Mar 13, 2023",123.04,126.05,122.36,124.25,1338773
"ZBH","Day","Mar 10, 2023",123.21,123.92,121.61,123.53,1589075
"ZBH","Day","Mar 9, 2023",122.59,124.03,121.66,122.35,1037243
"ZBH","Day","Mar 8, 2023",122.74,123.12,121.71,121.91,904776
"ZBH","Day","Mar 7, 2023",125.16,125.3,122.9,123.15,1322597
"ZBH","Day","Mar 6, 2023",126.23,126.23,124.14,124.62,1022771
"ZBH","Day","Mar 3, 2023",123.93,127.07,123.14,126.22,1726271
"ZBH","Day","Mar 2, 2023",121.31,123.3,120.98,122.99,1531538
"ZBH","Day","Mar 1, 2023",123.,123.51,121.99,122.08,848757
"ZBH","Day","Feb 28, 2023",123.21,124.18,122.72,123.87,1341773
"ZBH","Day","Feb 27, 2023",123.26,124.17,122.86,123.3,1180120
"ZBH","Day","Feb 24, 2023",122.75,123.13,121.53,122.7,878289
"ZBH","Day","Feb 23, 2023",123.71,124.25,122.07,123.17,993588
"ZBH","Day","Feb 22, 2023",124.08,124.73,123.19,123.62,1260086
"ZBH","Day","Feb 21, 2023",125.28,125.76,123.69,124.,1266779
"ZBH","Day","Feb 17, 2023",124.79,126.12,124.32,125.97,1026793
"ZBH","Day","Feb 16, 2023",124.76,126.61,124.32,125.11,1410902
"ZBH","Day","Feb 15, 2023",125.77,126.6,125.1,126.51,1022159
"ZBH","Day","Feb 14, 2023",127.75,128.57,126.1,126.71,1395001
"ZBH","Day","Feb 13, 2023",128.19,128.59,127.58,128.05,1247756
"ZBH","Day","Feb 10, 2023",128.3,129.19,127.3,127.91,1196462
"ZBH","Day","Feb 9, 2023",130.94,131.59,128.17,128.29,1228554
"ZBH","Day","Feb 8, 2023",130.18,131.61,130.02,130.76,1211122
"ZBH","Day","Feb 7, 2023",127.51,131.5,127.48,130.94,1739121
"ZBH","Day","Feb 6, 2023",129.,129.39,127.55,128.52,1541378
"ZBH","Day","Feb 3, 2023",127.61,132.28,126.02,129.45,2854132
"ZBH","Day","Feb 2, 2023",128.59,128.83,126.33,127.41,3509686
"ZBH","Day","Feb 1, 2023",128.52,129.89,125.65,127.8,2453622
"ZBH","Day","Jan 31, 2023",126.09,127.36,125.16,127.34,1233792
"ZBH","Day","Jan 30, 2023",125.41,126.11,125.18,125.83,2090691
"ZBH","Day","Jan 27, 2023",125.5,126.56,124.04,125.88,1386652
"ZBH","Day","Jan 26, 2023",125.38,126.22,125.1,125.5,1208524
"ZBH","Day","Jan 25, 2023",124.03,125.58,123.65,124.9,1222455
"ZBH","Day","Jan 24, 2023",125.94,126.28,124.66,125.48,1358300
"ZBH","Day","Jan 23, 2023",124.99,127.16,124.99,125.94,2299750
"ZBH","Day","Jan 20, 2023",122.62,124.62,121.82,124.09,1736455
"ZBH","Day","Jan 19, 2023",121.45,122.5,120.29,121.95,1324885
"ZBH","Day","Jan 18, 2023",123.14,123.85,121.97,122.08,1483318
"ZBH","Day","Jan 17, 2023",123.35,123.38,122.41,123.01,2093361
"ZBH","Day","Jan 13, 2023",122.95,123.71,122.04,123.38,1674123
"ZBH","Day","Jan 12, 2023",124.63,124.68,121.87,123.2,1890568
"ZBH","Day","Jan 11, 2023",126.03,126.29,123.06,124.32,2448268
"ZBH","Day","Jan 10, 2023",125.8,126.45,124.48,125.5,1894247
"ZBH","Day","Jan 9, 2023",128.07,128.67,125.71,126.05,1423625
"ZBH","Day","Jan 6, 2023",126.15,127.21,122.71,125.7,2348886
"ZBH","Day","Jan 5, 2023",129.04,130.08,125.72,126.08,2238303
"ZBH","Day","Jan 4, 2023",128.52,129.36,127.51,128.46,1389410
"ZBH","Day","Jan 3, 2023",127.41,128.88,126.21,127.28,921108
"ZBH","Day","Dec 30, 2022",127.15,127.73,126.21,127.5,785218
"ZBH","Day","Dec 29, 2022",126.66,128.5,126.14,127.83,686569
"ZBH","Day","Dec 28, 2022",127.44,128.52,125.78,125.99,750108
"ZBH","Day","Dec 27, 2022",127.,127.79,126.17,127.28,755574
"ZBH","Day","Dec 23, 2022",125.94,126.77,125.24,126.69,789770
"ZBH","Day","Dec 22, 2022",126.45,126.82,124.88,126.79,807114
"ZBH","Day","Dec 21, 2022",126.49,127.11,126.04,127.08,934832
"ZBH","Day","Dec 20, 2022",124.96,126.29,124.22,125.43,1038838
"ZBH","Day","Dec 19, 2022",125.33,125.58,124.29,124.96,943390
"ZBH","Day","Dec 16, 2022",125.99,126.68,123.71,125.58,2710628
"ZBH","Day","Dec 15, 2022",126.55,127.47,125.96,127.02,1694916
"ZBH","Day","Dec 14, 2022",128.17,130.84,127.11,128.24,1506520
"ZBH","Day","Dec 13, 2022",128.97,129.96,127.35,128.43,2055559
"ZBH","Day","Dec 12, 2022",124.37,126.2,123.67,126.13,1737017
"ZBH","Day","Dec 9, 2022",125.17,126.32,124.34,124.4,1449246
"ZBH","Day","Dec 8, 2022",124.76,127.25,124.05,125.84,1814124
"ZBH","Day","Dec 7, 2022",121.92,124.22,121.77,124.19,1809977
"ZBH","Day","Dec 6, 2022",121.77,121.93,120.35,121.39,1922575
"ZBH","Day","Dec 5, 2022",121.93,122.88,120.79,122.28,1066334
"ZBH","Day","Dec 2, 2022",122.06,123.52,121.99,122.97,723160
"ZBH","Day","Dec 1, 2022",120.99,123.78,120.72,123.35,1433448
"ZBH","Day","Nov 30, 2022",119.48,120.14,117.54,120.1,1217155
"ZBH","Day","Nov 29, 2022",117.16,119.32,116.85,119.,983487
"ZBH","Day","Nov 28, 2022",118.14,119.26,117.2,117.67,1207617
"ZBH","Day","Nov 25, 2022",118.45,119.54,118.32,119.21,427925
"ZBH","Day","Nov 23, 2022",116.37,118.19,116.27,118.01,1243093
"ZBH","Day","Nov 22, 2022",114.52,115.46,113.26,115.33,834218
"ZBH","Day","Nov 21, 2022",113.42,114.79,113.27,114.53,655432
"ZBH","Day","Nov 18, 2022",113.61,114.51,112.44,114.09,770464
"ZBH","Day","Nov 17, 2022",112.75,113.47,111.77,112.12,1124360
"ZBH","Day","Nov 16, 2022",115.16,115.59,113.97,114.46,938145
"ZBH","Day","Nov 15, 2022",114.76,115.64,113.39,115.12,1013604
"ZBH","Day","Nov 14, 2022",114.8,115.82,113.28,113.31,1175678
"ZBH","Day","Nov 11, 2022",113.54,115.97,113.08,115.56,1562183
"ZBH","Day","Nov 10, 2022",109.38,113.13,109.38,112.9,989431
"ZBH","Day","Nov 9, 2022",105.61,107.32,105.,105.77,1454532
"ZBH","Day","Nov 8, 2022",107.28,108.29,105.44,106.23,927829
"ZBH","Day","Nov 7, 2022",105.56,107.57,105.36,107.53,1321556
"ZBH","Day","Nov 4, 2022",106.61,107.5,103.75,104.85,1734134
"ZBH","Day","Nov 3, 2022",106.29,106.71,103.79,105.42,1321199
"ZBH","Day","Nov 2, 2022",114.99,115.25,107.62,107.69,2487440
"ZBH","Day","Nov 1, 2022",113.66,113.66,109.77,111.84,2429782
"ZBH","Day","Oct 31, 2022",113.4,113.6,112.35,113.35,1229284
"ZBH","Day","Oct 28, 2022",112.08,113.64,111.87,113.47,1209308
"ZBH","Day","Oct 27, 2022",113.,113.,111.,111.56,1051396
"ZBH","Day","Oct 26, 2022",111.54,113.74,111.36,112.27,902161
"ZBH","Day","Oct 25, 2022",109.27,111.,109.11,110.73,1231413
"ZBH","Day","Oct 24, 2022",108.55,109.14,107.43,109.03,778966
"ZBH","Day","Oct 21, 2022",105.93,107.7,102.6,107.39,1116829
"ZBH","Day","Oct 20, 2022",108.57,108.87,106.08,106.33,915010
"ZBH","Day","Oct 19, 2022",108.71,109.6,107.31,108.12,795649
"ZBH","Day","Oct 18, 2022",112.52,113.44,108.78,109.03,1550023
"ZBH","Day","Oct 17, 2022",108.59,111.11,108.39,110.51,1082827
"ZBH","Day","Oct 14, 2022",110.29,110.96,106.8,106.91,1381516
"ZBH","Day","Oct 13, 2022",105.16,110.33,104.2,109.43,1030147
"ZBH","Day","Oct 12, 2022",107.81,108.61,106.62,107.06,1364165
"ZBH","Day","Oct 11, 2022",107.22,109.69,106.47,108.32,1143201
"ZBH","Day","Oct 10, 2022",108.69,108.85,106.33,106.94,1035605
"ZBH","Day","Oct 7, 2022",109.88,109.88,107.33,108.26,867157
"ZBH","Day","Oct 6, 2022",111.94,113.26,110.58,110.6,789861
"ZBH","Day","Oct 5, 2022",110.56,113.14,109.93,112.49,716163
"ZBH","Day","Oct 4, 2022",109.17,111.75,109.17,111.69,1203758
"ZBH","Day","Oct 3, 2022",106.01,108.15,105.21,107.32,893256
"ZBH","Day","Sep 30, 2022",107.46,108.34,104.52,104.55,1138691
"ZBH","Day","Sep 29, 2022",106.52,107.65,105.44,107.12,872501
"ZBH","Day","Sep 28, 2022",105.79,108.14,105.34,107.53,1088219
"ZBH","Day","Sep 27, 2022",106.41,107.06,104.17,104.82,1358688
"ZBH","Day","Sep 26, 2022",105.86,106.83,103.74,105.15,1216934
"ZBH","Day","Sep 23, 2022",106.95,107.53,104.6,106.21,1945692
"ZBH","Day","Sep 22, 2022",109.89,110.13,107.37,108.01,814579
"ZBH","Day","Sep 21, 2022",112.75,113.55,110.2,110.2,1123653
"ZBH","Day","Sep 20, 2022",112.81,113.38,110.9,111.77,680834
"ZBH","Day","Sep 19, 2022",111.75,113.56,110.43,113.4,978821
"ZBH","Day","Sep 16, 2022",115.01,115.01,112.29,112.69,1706780
"ZBH","Day","Sep 15, 2022",116.48,118.12,115.45,115.77,814558
"ZBH","Day","Sep 14, 2022",115.89,117.1,115.02,116.41,1760264
"ZBH","Day","Sep 13, 2022",116.66,118.23,116.12,116.4,1673013
"ZBH","Day","Sep 12, 2022",115.42,119.63,115.42,119.27,2376144
"ZBH","Day","Sep 9, 2022",111.17,114.65,110.92,114.5,1154244
"ZBH","Day","Sep 8, 2022",107.77,110.81,107.54,110.79,711338
"ZBH","Day","Sep 7, 2022",105.02,108.9,104.91,108.58,1022936
"ZBH","Day","Sep 6, 2022",106.11,106.27,104.06,104.93,702849
"ZBH","Day","Sep 2, 2022",107.64,107.76,105.1,105.57,582588
"ZBH","Day","Sep 1, 2022",106.07,106.84,104.59,106.8,737424
"ZBH","Day","Aug 31, 2022",108.,109.19,106.18,106.32,886616
"ZBH","Day","Aug 30, 2022",108.,108.28,106.63,107.37,783023
"ZBH","Day","Aug 29, 2022",106.7,108.37,106.11,107.62,556722
"ZBH","Day","Aug 26, 2022",112.34,112.34,107.44,107.51,627667
"ZBH","Day","Aug 25, 2022",110.47,111.95,109.88,111.94,530669
"ZBH","Day","Aug 24, 2022",108.99,109.96,108.25,109.7,620614
"ZBH","Day","Aug 23, 2022",111.43,111.81,108.83,109.3,928620
"ZBH","Day","Aug 22, 2022",111.99,112.82,110.83,111.36,786881
"ZBH","Day","Aug 19, 2022",114.25,114.38,112.78,113.23,644633
"ZBH","Day","Aug 18, 2022",114.89,114.97,113.97,114.52,735215
"ZBH","Day","Aug 17, 2022",115.23,115.82,114.4,114.64,681104
"ZBH","Day","Aug 16, 2022",115.86,116.71,115.49,116.12,944829
"ZBH","Day","Aug 15, 2022",116.76,117.92,116.59,116.73,1035055
"ZBH","Day","Aug 12, 2022",115.52,117.29,115.3,117.22,641853
"ZBH","Day","Aug 11, 2022",115.67,116.93,114.72,115.,594833
"ZBH","Day","Aug 10, 2022",114.41,115.15,113.41,114.97,643787
"ZBH","Day","Aug 9, 2022",112.91,113.35,112.14,112.49,869516
"ZBH","Day","Aug 8, 2022",113.83,114.37,113.,113.16,534245
"ZBH","Day","Aug 5, 2022",112.51,113.83,112.25,113.26,596986
"ZBH","Day","Aug 4, 2022",115.84,115.84,113.27,113.35,852644
"ZBH","Day","Aug 3, 2022",115.05,116.3,114.17,115.61,1323242
"ZBH","Day","Aug 2, 2022",113.01,116.46,113.,114.06,2076190
"ZBH","Day","Aug 1, 2022",109.25,110.72,107.07,109.76,1488804
"ZBH","Day","Jul 29, 2022",110.4,110.99,108.73,110.39,1580478
"ZBH","Day","Jul 28, 2022",110.76,111.19,107.65,110.78,2278164
"ZBH","Day","Jul 27, 2022",109.2,111.39,108.5,111.11,1650735
"ZBH","Day","Jul 26, 2022",108.26,108.67,106.91,108.02,1153962
"ZBH","Day","Jul 25, 2022",107.01,108.25,106.73,107.9,1254147
"ZBH","Day","Jul 22, 2022",108.32,109.21,106.63,107.,1140931
"ZBH","Day","Jul 21, 2022",108.29,109.34,108.02,108.45,1222715
"ZBH","Day","Jul 20, 2022",107.29,109.13,106.82,108.,1281692
"ZBH","Day","Jul 19, 2022",105.04,107.84,104.79,107.24,1471119
"ZBH","Day","Jul 18, 2022",103.77,105.14,103.17,103.48,1021897
"ZBH","Day","Jul 15, 2022",103.8,104.16,102.57,103.51,883024
"ZBH","Day","Jul 14, 2022",101.01,101.92,100.39,101.65,1175030
"ZBH","Day","Jul 13, 2022",101.45,103.06,100.54,102.44,1064747
"ZBH","Day","Jul 12, 2022",102.5,103.88,102.5,103.03,965847
"ZBH","Day","Jul 11, 2022",103.79,104.56,102.63,103.3,996502
"ZBH","Day","Jul 8, 2022",106.09,106.79,105.16,105.34,747121
"ZBH","Day","Jul 7, 2022",105.78,106.2,104.42,106.06,949753
"ZBH","Day","Jul 6, 2022",106.65,107.08,104.74,105.73,873212
"ZBH","Day","Jul 5, 2022",105.99,106.93,104.21,106.89,838430
"ZBH","Day","Jul 1, 2022",105.21,107.36,104.34,107.27,954217
"ZBH","Day","Jun 30, 2022",105.43,106.92,103.18,105.06,1466503
"ZBH","Day","Jun 29, 2022",106.72,107.55,105.9,106.55,1240348
"ZBH","Day","Jun 28, 2022",109.,110.31,106.38,106.48,846477
"ZBH","Day","Jun 27, 2022",109.12,109.31,107.62,108.51,953138
"ZBH","Day","Jun 24, 2022",107.53,109.2,105.61,108.87,1580812
"ZBH","Day","Jun 23, 2022",105.44,106.95,104.88,106.4,1168116
"ZBH","Day","Jun 22, 2022",101.5,107.2,101.22,105.31,1754149
"ZBH","Day","Jun 21, 2022",104.56,105.32,101.98,102.23,1235700
"ZBH","Day","Jun 17, 2022",103.45,105.16,102.22,102.65,2228178
"ZBH","Day","Jun 16, 2022",104.59,104.7,102.5,103.24,1468771
"ZBH","Day","Jun 15, 2022",106.01,108.56,105.83,106.97,1286511
"ZBH","Day","Jun 14, 2022",109.93,109.93,104.57,105.27,1684433
"ZBH","Day","Jun 13, 2022",110.67,112.17,109.53,110.1,1823740
"ZBH","Day","Jun 10, 2022",112.76,114.54,112.58,113.38,1454985
"ZBH","Day","Jun 9, 2022",118.21,118.23,114.95,115.03,828115
"ZBH","Day","Jun 8, 2022",118.71,119.56,117.84,118.53,1084874
"ZBH","Day","Jun 7, 2022",117.67,119.21,117.19,119.13,1023302
"ZBH","Day","Jun 6, 2022",122.05,122.05,118.26,118.41,836105
"ZBH","Day","Jun 3, 2022",121.61,121.61,119.75,120.63,1116870
"ZBH","Day","Jun 2, 2022",119.81,122.21,116.73,122.07,962410
"ZBH","Day","Jun 1, 2022",120.83,120.83,116.91,119.28,2386001
"ZBH","Day","May 31, 2022",119.16,121.1,118.33,120.21,1149602
"ZBH","Day","May 27, 2022",120.2,120.78,119.19,119.83,947130
"ZBH","Day","May 26, 2022",120.05,121.62,118.81,120.65,763017
"ZBH","Day","May 25, 2022",119.37,120.72,117.98,119.15,1379999
"ZBH","Day","May 24, 2022",120.2,120.55,118.08,119.39,899546
"ZBH","Day","May 23, 2022",119.24,120.9,118.17,120.83,869695
"ZBH","Day","May 20, 2022",118.32,119.49,115.53,117.61,845406
"ZBH","Day","May 19, 2022",115.09,117.58,115.09,116.91,800157
"ZBH","Day","May 18, 2022",118.,118.65,116.09,116.45,1216839
"ZBH","Day","May 17, 2022",116.96,119.56,116.35,119.38,1069189
"ZBH","Day","May 16, 2022",114.79,115.74,114.24,115.12,967387
"ZBH","Day","May 13, 2022",114.27,116.26,114.,115.07,1166549
"ZBH","Day","May 12, 2022",112.61,114.56,111.5,113.1,1100082
"ZBH","Day","May 11, 2022",113.62,116.42,113.24,113.42,1315613
"ZBH","Day","May 10, 2022",116.28,116.71,113.02,114.17,1885775
"ZBH","Day","May 9, 2022",118.66,119.82,114.64,115.,1533051
"ZBH","Day","May 6, 2022",122.1,122.15,119.34,120.33,1202097
"ZBH","Day","May 5, 2022",124.91,126.18,121.36,122.54,1892818
"ZBH","Day","May 4, 2022",120.59,126.79,119.86,126.32,2105967
"ZBH","Day","May 3, 2022",123.99,125.78,120.15,120.68,3135972
"ZBH","Day","May 2, 2022",121.33,122.53,118.13,120.65,1913498
"ZBH","Day","Apr 29, 2022",123.3,124.47,120.39,120.75,1205588
"ZBH","Day","Apr 28, 2022",124.15,124.91,122.71,124.61,1205433
"ZBH","Day","Apr 27, 2022",123.69,124.79,122.51,122.88,1206352
"ZBH","Day","Apr 26, 2022",126.36,127.65,124.06,124.15,825311
"ZBH","Day","Apr 25, 2022",125.2,127.91,124.72,127.81,952823
"ZBH","Day","Apr 22, 2022",129.66,129.9,124.92,125.7,1615803
"ZBH","Day","Apr 21, 2022",134.96,135.05,131.61,131.66,1315156
"ZBH","Day","Apr 20, 2022",131.45,134.18,131.1,133.85,1976646
"ZBH","Day","Apr 19, 2022",126.07,130.86,126.03,130.6,2137035
"ZBH","Day","Apr 18, 2022",125.62,127.18,124.74,125.23,975992
"ZBH","Day","Apr 14, 2022",128.16,128.75,125.95,126.,1087317
"ZBH","Day","Apr 13, 2022",126.05,128.05,125.81,127.95,1037285
"ZBH","Day","Apr 12, 2022",127.12,128.14,125.68,126.64,1216064
"ZBH","Day","Apr 11, 2022",129.1,130.02,126.46,126.9,841786
"ZBH","Day","Apr 8, 2022",129.93,130.66,129.09,129.62,1107716
"ZBH","Day","Apr 7, 2022",127.32,129.93,126.95,129.91,1800175
"ZBH","Day","Apr 6, 2022",128.39,128.59,125.78,127.85,2057706
"ZBH","Day","Apr 5, 2022",125.43,129.3,125.43,129.13,2187076
"ZBH","Day","Apr 4, 2022",126.93,127.28,124.66,125.86,1349734
"ZBH","Day","Apr 1, 2022",126.75,128.54,125.88,127.73,1616921
"ZBH","Day","Mar 31, 2022",128.42,129.8,127.84,127.9,1363117
"ZBH","Day","Mar 30, 2022",129.05,129.9,127.95,128.69,1150178
"ZBH","Day","Mar 29, 2022",126.84,129.6,126.84,129.58,1712192
"ZBH","Day","Mar 28, 2022",125.4,126.04,123.33,125.68,1603357
"ZBH","Day","Mar 25, 2022",124.61,125.34,123.82,125.28,1129743
"ZBH","Day","Mar 24, 2022",121.3,125.89,121.16,124.15,2393481
"ZBH","Day","Mar 23, 2022",119.79,121.68,117.86,120.74,2420012
"ZBH","Day","Mar 22, 2022",121.26,121.72,119.93,120.48,1819691
"ZBH","Day","Mar 21, 2022",120.73,121.29,120.06,121.04,1444082
"ZBH","Day","Mar 18, 2022",122.36,122.82,119.7,120.77,2951490
"ZBH","Day","Mar 17, 2022",120.98,122.62,120.17,122.28,1830197
"ZBH","Day","Mar 16, 2022",120.,122.3,119.34,121.99,1599306
"ZBH","Day","Mar 15, 2022",119.31,120.17,118.01,119.2,1268976
"ZBH","Day","Mar 14, 2022",119.82,120.68,117.05,117.69,1384809
"ZBH","Day","Mar 11, 2022",120.27,121.26,118.18,118.82,2031288
"ZBH","Day","Mar 10, 2022",116.76,119.42,115.83,119.34,1441497
"ZBH","Day","Mar 9, 2022",117.97,118.96,117.07,117.64,1201930
"ZBH","Day","Mar 8, 2022",115.91,117.96,114.27,115.75,1718998
"ZBH","Day","Mar 7, 2022",120.28,120.28,115.72,116.68,1654907
"ZBH","Day","Mar 4, 2022",120.59,121.16,119.05,120.44,1364727
"ZBH","Day","Mar 3, 2022",123.72,123.94,121.18,122.13,1504091
"ZBH","Day","Mar 2, 2022",122.54,124.3,121.86,122.69,2070905
"ZBH","Day","Mar 1, 2022",124.77,126.46,121.08,124.14,7107772
"ZBH","Day","Feb 28, 2022",121.48,123.6,121.23,123.39,2424852
"ZBH","Day","Feb 25, 2022",120.47,123.02,118.9,122.92,1593823
"ZBH","Day","Feb 24, 2022",117.03,119.89,116.24,119.79,1427758
"ZBH","Day","Feb 23, 2022",119.8,120.7,118.25,118.92,1432979
"ZBH","Day","Feb 22, 2022",117.93,120.64,117.39,119.3,2082293
"ZBH","Day","Feb 18, 2022",116.26,118.15,116.26,117.4,1198403
"ZBH","Day","Feb 17, 2022",118.29,118.29,115.92,116.39,1269321
"ZBH","Day","Feb 16, 2022",117.81,119.01,116.07,118.84,1726816
"ZBH","Day","Feb 15, 2022",115.18,118.63,114.86,118.49,1552500
"ZBH","Day","Feb 14, 2022",113.11,114.44,112.12,113.5,1113306
"ZBH","Day","Feb 11, 2022",115.81,116.87,112.58,112.74,1845228
"ZBH","Day","Feb 10, 2022",115.49,117.58,114.77,115.22,2445668
"ZBH","Day","Feb 9, 2022",116.74,118.55,116.18,116.46,2145490
"ZBH","Day","Feb 8, 2022",105.54,116.72,105.23,116.3,4522048
"ZBH","Day","Feb 7, 2022",110.89,115.34,108.2,108.33,6293620
"ZBH","Day","Feb 4, 2022",117.39,120.08,116.91,119.16,1754897
"ZBH","Day","Feb 3, 2022",118.06,118.75,116.84,117.65,1871176
"ZBH","Day","Feb 2, 2022",117.61,118.96,115.74,118.07,2461149
"ZBH","Day","Feb 1, 2022",119.49,120.51,118.65,120.29,1035825
"ZBH","Day","Jan 31, 2022",116.42,119.44,115.87,119.34,1443945
"ZBH","Day","Jan 28, 2022",117.85,118.16,114.36,117.28,2250410
"ZBH","Day","Jan 27, 2022",118.14,118.89,116.76,117.62,1877774
"ZBH","Day","Jan 26, 2022",117.84,119.47,115.96,116.89,2829755
"ZBH","Day","Jan 25, 2022",117.73,119.27,115.41,117.34,2346983
"ZBH","Day","Jan 24, 2022",116.6,120.,114.8,119.96,2051508
"ZBH","Day","Jan 21, 2022",119.17,120.58,117.54,118.88,2972177
"ZBH","Day","Jan 20, 2022",119.06,123.21,119.06,119.36,1683817
"ZBH","Day","Jan 19, 2022",119.84,122.38,119.5,119.59,1742863
"ZBH","Day","Jan 18, 2022",123.06,123.43,121.2,122.57,2121437
"ZBH","Day","Jan 14, 2022",123.06,124.04,121.03,123.57,1404618
"ZBH","Day","Jan 13, 2022",122.41,125.65,122.29,124.24,1807446
"ZBH","Day","Jan 12, 2022",124.23,124.73,120.32,121.83,1846934
"ZBH","Day","Jan 11, 2022",123.76,125.23,122.89,124.54,1444667
"ZBH","Day","Jan 10, 2022",123.54,124.07,121.75,123.11,1885488
"ZBH","Day","Jan 7, 2022",123.4,125.59,123.24,124.32,1640986
"ZBH","Day","Jan 6, 2022",126.98,128.41,124.83,125.08,1057137
"ZBH","Day","Jan 5, 2022",127.18,129.6,126.04,126.13,1840700
"ZBH","Day","Jan 4, 2022",125.05,127.84,124.42,126.54,1359963
"ZBH","Day","Jan 3, 2022",123.54,126.06,122.83,125.27,1150267
"ZBH","Day","Dec 31, 2021",124.14,125.2,123.21,123.24,913567
"ZBH","Day","Dec 30, 2021",124.54,125.53,124.24,124.44,1266737
"ZBH","Day","Dec 29, 2021",124.25,125.52,123.92,124.4,2435734
"ZBH","Day","Dec 28, 2021",123.89,125.51,123.74,124.38,1462659
"ZBH","Day","Dec 27, 2021",123.2,124.06,121.58,123.99,1185511
"ZBH","Day","Dec 23, 2021",121.9,123.27,121.16,123.2,1396784
"ZBH","Day","Dec 22, 2021",118.42,121.,117.8,121.,991176
"ZBH","Day","Dec 21, 2021",116.56,119.81,115.93,118.8,1852025
"ZBH","Day","Dec 20, 2021",115.59,116.37,113.12,115.34,2508860
"ZBH","Day","Dec 17, 2021",116.42,119.55,115.11,117.24,3948232
"ZBH","Day","Dec 16, 2021",117.73,119.76,115.93,116.87,3243369
"ZBH","Day","Dec 15, 2021",119.,119.72,114.74,117.07,3154322
"ZBH","Day","Dec 14, 2021",121.21,122.59,119.41,119.6,1291733
"ZBH","Day","Dec 13, 2021",120.77,123.19,120.77,121.71,1574516
"ZBH","Day","Dec 10, 2021",123.05,123.05,119.1,120.77,1646754
"ZBH","Day","Dec 9, 2021",123.19,124.54,121.44,121.69,2448293
"ZBH","Day","Dec 8, 2021",124.64,126.35,124.28,125.11,1288695
"ZBH","Day","Dec 7, 2021",123.88,126.44,123.64,124.59,1806995
"ZBH","Day","Dec 6, 2021",119.62,123.14,119.02,121.74,2255510
"ZBH","Day","Dec 3, 2021",119.74,120.21,116.45,117.6,1742283
"ZBH","Day","Dec 2, 2021",116.78,119.69,116.71,119.26,1404912
"ZBH","Day","Dec 1, 2021",117.59,121.5,116.19,116.21,2009823
"ZBH","Day","Nov 30, 2021",118.85,119.72,115.98,116.03,2442255
"ZBH","Day","Nov 29, 2021",122.98,123.08,119.74,119.81,1428805
"ZBH","Day","Nov 26, 2021",123.34,124.85,121.1,121.87,1363928
"ZBH","Day","Nov 24, 2021",126.,127.75,125.97,126.38,1187235
"ZBH","Day","Nov 23, 2021",123.73,126.95,123.73,126.58,1538804
"ZBH","Day","Nov 22, 2021",125.15,128.22,124.73,126.33,1355400
"ZBH","Day","Nov 19, 2021",125.03,125.9,123.33,124.96,1914363
"ZBH","Day","Nov 18, 2021",127.46,127.78,125.03,125.04,1312399
"ZBH","Day","Nov 17, 2021",127.21,128.68,126.2,127.16,1321410
"ZBH","Day","Nov 16, 2021",126.81,129.44,126.06,127.82,1615275
"ZBH","Day","Nov 15, 2021",128.5,128.96,126.26,127.21,1456793
"ZBH","Day","Nov 12, 2021",129.22,129.38,127.5,128.43,1618218
"ZBH","Day","Nov 11, 2021",129.34,130.18,126.37,128.73,1594223
"ZBH","Day","Nov 10, 2021",130.,131.97,129.44,129.87,1314742
"ZBH","Day","Nov 9, 2021",132.89,134.25,129.79,130.37,4094703
"ZBH","Day","Nov 8, 2021",137.18,137.75,132.93,133.47,2751736
"ZBH","Day","Nov 5, 2021",138.01,141.73,135.69,137.43,2977139
"ZBH","Day","Nov 4, 2021",140.66,141.64,132.61,133.63,3648196
"ZBH","Day","Nov 3, 2021",140.87,144.3,140.87,144.3,1407766
"ZBH","Day","Nov 2, 2021",141.53,142.34,140.19,141.32,884360
"ZBH","Day","Nov 1, 2021",139.25,142.78,138.85,141.43,1142365
"ZBH","Day","Oct 29, 2021",138.74,139.2,135.08,138.84,1632060
"ZBH","Day","Oct 28, 2021",141.73,142.61,140.6,141.17,924315
"ZBH","Day","Oct 27, 2021",145.5,145.5,141.9,141.94,658765
"ZBH","Day","Oct 26, 2021",147.01,147.01,145.3,145.35,462158
"ZBH","Day","Oct 25, 2021",145.88,147.31,144.81,146.52,825100
"ZBH","Day","Oct 22, 2021",146.25,147.02,145.44,145.93,320772
"ZBH","Day","Oct 21, 2021",145.65,147.2,145.18,146.3,739492
"ZBH","Day","Oct 20, 2021",145.52,146.74,143.68,145.65,1086499
"ZBH","Day","Oct 19, 2021",139.21,145.34,139.21,144.47,1019167
"ZBH","Day","Oct 18, 2021",140.85,141.41,138.66,140.64,1026514
"ZBH","Day","Oct 15, 2021",142.46,142.79,141.41,141.99,883308
"ZBH","Day","Oct 14, 2021",139.77,141.54,139.56,141.28,797281
"ZBH","Day","Oct 13, 2021",138.57,138.85,137.24,138.51,880557
"ZBH","Day","Oct 12, 2021",139.51,140.12,138.05,138.54,772939
"ZBH","Day","Oct 11, 2021",142.,143.6,139.46,139.49,792584
"ZBH","Day","Oct 8, 2021",143.24,143.71,142.03,142.27,498881
"ZBH","Day","Oct 7, 2021",143.02,145.39,142.57,143.33,990783
"ZBH","Day","Oct 6, 2021",140.12,142.23,138.42,141.97,1096888
"ZBH","Day","Oct 5, 2021",142.4,144.56,141.56,141.65,1155884
"ZBH","Day","Oct 4, 2021",144.36,145.55,140.87,142.35,1134314
"ZBH","Day","Oct 1, 2021",143.08,145.64,142.62,145.,1384963
"ZBH","Day","Sep 30, 2021",145.41,145.94,141.94,141.99,987667
"ZBH","Day","Sep 29, 2021",145.97,146.62,144.38,144.9,913862
"ZBH","Day","Sep 28, 2021",146.53,147.85,145.55,146.34,1615877
"ZBH","Day","Sep 27, 2021",146.12,149.17,145.86,147.01,1579359
"ZBH","Day","Sep 24, 2021",145.9,147.19,144.73,146.71,1657789
"ZBH","Day","Sep 23, 2021",141.58,147.12,141.19,145.91,2230875
"ZBH","Day","Sep 22, 2021",139.48,142.58,138.89,141.35,1050625
"ZBH","Day","Sep 21, 2021",141.2,141.48,138.47,138.49,1458985
"ZBH","Day","Sep 20, 2021",140.71,141.51,138.08,139.75,1204734
"ZBH","Day","Sep 17, 2021",141.16,142.54,140.04,142.34,1822556
"ZBH","Day","Sep 16, 2021",142.33,143.52,141.07,141.86,1421952
"ZBH","Day","Sep 15, 2021",143.32,143.82,140.46,141.65,1955753
"ZBH","Day","Sep 14, 2021",136.79,145.62,135.15,143.27,4136192
"ZBH","Day","Sep 13, 2021",136.68,138.26,136.3,136.79,1504697
"ZBH","Day","Sep 10, 2021",140.12,140.43,136.17,136.24,1310150
"ZBH","Day","Sep 9, 2021",142.97,145.17,139.96,140.03,1337409
"ZBH","Day","Sep 8, 2021",141.93,143.91,140.96,143.07,1325916
"ZBH","Day","Sep 7, 2021",141.97,142.9,140.57,142.24,1505717
"ZBH","Day","Sep 3, 2021",144.43,144.82,141.65,142.36,2740498
"ZBH","Day","Sep 2, 2021",146.93,147.79,144.09,144.64,1309390
"ZBH","Day","Sep 1, 2021",146.26,146.62,145.09,146.36,886482
"ZBH","Day","Aug 31, 2021",145.63,146.42,145.29,145.96,1186495
"ZBH","Day","Aug 30, 2021",145.75,146.5,144.95,145.3,894609
"ZBH","Day","Aug 27, 2021",145.45,146.52,144.77,145.59,1081560
"ZBH","Day","Aug 26, 2021",145.37,146.45,144.56,145.12,1094570
"ZBH","Day","Aug 25, 2021",144.55,147.19,143.9,145.9,1665144
"ZBH","Day","Aug 24, 2021",140.9,144.89,140.9,144.3,2368770
"ZBH","Day","Aug 23, 2021",141.69,142.07,139.81,141.,1098076
"ZBH","Day","Aug 20, 2021",140.31,141.78,138.89,141.11,1019142
"ZBH","Day","Aug 19, 2021",138.59,140.5,138.59,139.81,1166388
"ZBH","Day","Aug 18, 2021",143.64,143.89,140.02,140.07,1299385
"ZBH","Day","Aug 17, 2021",141.71,143.75,140.23,143.44,1969971
"ZBH","Day","Aug 16, 2021",141.6,142.68,140.14,142.19,1775624
"ZBH","Day","Aug 13, 2021",141.64,142.38,140.63,141.73,1457693
"ZBH","Day","Aug 12, 2021",141.1,142.63,140.99,142.04,2157105
"ZBH","Day","Aug 11, 2021",142.44,142.48,141.22,141.35,1328890
"ZBH","Day","Aug 10, 2021",142.8,142.82,139.37,141.41,3042153
"ZBH","Day","Aug 9, 2021",144.55,144.65,142.38,143.04,1715379
"ZBH","Day","Aug 6, 2021",145.81,146.12,143.09,144.55,1605782
"ZBH","Day","Aug 5, 2021",143.78,145.77,142.89,145.68,1734434
"ZBH","Day","Aug 4, 2021",148.19,148.91,143.04,143.8,2385086
"ZBH","Day","Aug 3, 2021",148.41,150.46,145.56,149.12,4332535
"ZBH","Day","Aug 2, 2021",159.18,160.45,157.92,158.14,1671232
"ZBH","Day","Jul 30, 2021",157.93,160.05,157.56,158.54,1120898
"ZBH","Day","Jul 29, 2021",158.41,158.62,155.9,157.88,902952
"ZBH","Day","Jul 28, 2021",158.45,158.7,157.07,157.7,883698
"ZBH","Day","Jul 27, 2021",154.33,158.39,153.79,157.98,951654
"ZBH","Day","Jul 26, 2021",154.4,155.32,153.26,154.88,567990
"ZBH","Day","Jul 23, 2021",154.88,155.98,154.37,155.19,792103
"ZBH","Day","Jul 22, 2021",155.2,155.2,152.15,153.92,860619
"ZBH","Day","Jul 21, 2021",152.81,155.06,151.62,154.8,1753774
"ZBH","Day","Jul 20, 2021",145.77,151.36,145.77,150.98,1740694
"ZBH","Day","Jul 19, 2021",146.91,147.39,144.88,145.68,1397256
"ZBH","Day","Jul 16, 2021",148.88,149.33,146.58,148.82,2026235
"ZBH","Day","Jul 15, 2021",150.07,150.69,147.92,148.53,1480345
"ZBH","Day","Jul 14, 2021",152.75,153.02,150.58,150.93,1137545
"ZBH","Day","Jul 13, 2021",154.73,155.41,151.97,152.35,911932
"ZBH","Day","Jul 12, 2021",154.01,155.6,153.3,154.99,751470
"ZBH","Day","Jul 9, 2021",154.49,155.39,153.57,154.55,723792
"ZBH","Day","Jul 8, 2021",154.71,155.44,153.24,154.5,1060967
"ZBH","Day","Jul 7, 2021",158.3,158.69,155.57,156.29,1483608
"ZBH","Day","Jul 6, 2021",157.98,158.58,157.11,157.92,1217953
"ZBH","Day","Jul 2, 2021",158.11,158.94,157.26,158.63,893758
"ZBH","Day","Jul 1, 2021",156.68,158.29,155.91,158.27,1136200
"ZBH","Day","Jun 30, 2021",155.84,156.98,155.26,156.01,1241144
"ZBH","Day","Jun 29, 2021",158.8,159.15,156.19,156.36,1100621
"ZBH","Day","Jun 28, 2021",161.14,161.14,157.06,158.81,1653804
"ZBH","Day","Jun 25, 2021",159.61,162.58,159.61,160.9,1072442
"ZBH","Day","Jun 24, 2021",160.46,160.46,158.71,159.48,1090842
"ZBH","Day","Jun 23, 2021",161.41,161.73,159.55,159.56,1187364
"ZBH","Day","Jun 22, 2021",158.91,162.16,157.92,161.41,2081974
"ZBH","Day","Jun 21, 2021",154.68,159.17,154.03,158.6,1580142
"ZBH","Day","Jun 18, 2021",154.62,155.26,153.28,153.77,2238958
"ZBH","Day","Jun 17, 2021",153.,156.1,153.,155.6,1367058
"ZBH","Day","Jun 16, 2021",153.87,154.46,151.8,153.31,1426162
"ZBH","Day","Jun 15, 2021",153.12,154.48,152.4,153.61,1376843
"ZBH","Day","Jun 14, 2021",153.48,153.98,152.01,152.84,1271762
"ZBH","Day","Jun 11, 2021",154.37,154.53,152.68,153.55,1112939
"ZBH","Day","Jun 10, 2021",153.81,155.09,153.76,154.5,854687
"ZBH","Day","Jun 9, 2021",153.01,153.94,152.58,153.49,785485
"ZBH","Day","Jun 8, 2021",154.13,154.16,151.08,152.83,1062476
"ZBH","Day","Jun 7, 2021",155.19,155.22,152.7,153.18,1783377
"ZBH","Day","Jun 4, 2021",155.97,155.97,154.21,154.38,2068632
"ZBH","Day","Jun 3, 2021",155.59,156.04,153.18,155.16,1992247
"ZBH","Day","Jun 2, 2021",161.14,161.23,155.5,156.25,1920047
"ZBH","Day","Jun 1, 2021",164.41,164.9,161.03,161.25,914973
"ZBH","Day","May 28, 2021",163.89,164.46,162.77,163.3,1366969
"ZBH","Day","May 27, 2021",160.07,162.91,159.6,162.62,1839514
"ZBH","Day","May 26, 2021",161.7,162.14,158.2,159.27,1383491
"ZBH","Day","May 25, 2021",163.74,164.45,162.42,162.75,633627
"ZBH","Day","May 24, 2021",163.58,163.99,162.6,162.85,783540
"ZBH","Day","May 21, 2021",162.98,164.45,162.14,162.32,824417
"ZBH","Day","May 20, 2021",160.87,162.65,160.48,161.94,767960
"ZBH","Day","May 19, 2021",160.12,160.92,158.92,160.81,738401
"ZBH","Day","May 18, 2021",160.82,162.73,160.79,161.56,862741
"ZBH","Day","May 17, 2021",161.85,162.35,160.55,160.86,598734
"ZBH","Day","May 14, 2021",161.2,163.46,160.31,162.27,565606
"ZBH","Day","May 13, 2021",159.17,161.45,159.04,160.68,1136264
"ZBH","Day","May 12, 2021",161.12,161.99,158.76,158.88,1432303
"ZBH","Day","May 11, 2021",166.58,166.71,162.08,162.54,1407964
"ZBH","Day","May 10, 2021",167.5,168.01,166.12,166.81,1162631
"ZBH","Day","May 7, 2021",167.86,169.62,167.16,167.34,991444
"ZBH","Day","May 6, 2021",167.87,168.5,164.68,168.05,760501
"ZBH","Day","May 5, 2021",168.54,169.55,165.92,168.37,999310
"ZBH","Day","May 4, 2021",168.65,170.8,165.04,167.76,1755554
"ZBH","Day","May 3, 2021",173.17,173.42,171.69,172.62,1292929
"ZBH","Day","Apr 30, 2021",172.77,173.12,170.82,171.87,1291455
"ZBH","Day","Apr 29, 2021",173.9,174.97,171.77,173.27,895950
"ZBH","Day","Apr 28, 2021",171.36,173.3,170.57,173.17,977308
"ZBH","Day","Apr 27, 2021",170.58,172.44,169.35,171.08,819459
"ZBH","Day","Apr 26, 2021",172.89,172.89,170.23,170.47,820952
"ZBH","Day","Apr 23, 2021",171.73,173.53,171.22,172.31,909424
"ZBH","Day","Apr 22, 2021",171.3,173.84,170.22,172.08,1009196
"ZBH","Day","Apr 21, 2021",168.84,172.15,168.19,171.37,1089040
"ZBH","Day","Apr 20, 2021",167.38,169.95,167.07,168.62,1172773
"ZBH","Day","Apr 19, 2021",166.78,167.85,165.,167.38,1107620
"ZBH","Day","Apr 16, 2021",167.58,168.04,165.29,166.74,723354
"ZBH","Day","Apr 15, 2021",163.56,167.19,163.56,166.63,945595
"ZBH","Day","Apr 14, 2021",163.86,165.43,163.04,163.28,904795
"ZBH","Day","Apr 13, 2021",162.49,164.09,162.18,163.44,892190
"ZBH","Day","Apr 12, 2021",163.65,164.74,162.68,163.3,1293731
"ZBH","Day","Apr 9, 2021",160.88,164.51,160.52,164.42,1508430
"ZBH","Day","Apr 8, 2021",159.18,160.42,158.69,159.62,804703
"ZBH","Day","Apr 7, 2021",158.73,159.33,156.46,157.89,691420
"ZBH","Day","Apr 6, 2021",158.13,159.94,157.61,158.62,795838
"ZBH","Day","Apr 5, 2021",156.93,158.25,156.14,157.84,788869
"ZBH","Day","Apr 1, 2021",155.3,155.77,153.63,155.22,788484
"ZBH","Day","Mar 31, 2021",157.73,159.08,155.17,155.3,1259091
"ZBH","Day","Mar 30, 2021",154.28,156.68,154.07,156.4,762880
"ZBH","Day","Mar 29, 2021",155.4,156.45,154.17,155.42,667083
"ZBH","Day","Mar 26, 2021",153.62,156.66,152.59,156.5,655775
"ZBH","Day","Mar 25, 2021",153.59,153.59,150.25,153.16,1081864
"ZBH","Day","Mar 24, 2021",152.53,153.9,151.88,152.75,694430
"ZBH","Day","Mar 23, 2021",154.76,155.36,150.54,151.48,979910
"ZBH","Day","Mar 22, 2021",154.91,156.18,154.34,155.45,667462
"ZBH","Day","Mar 19, 2021",153.73,156.82,152.93,155.38,1412910
"ZBH","Day","Mar 18, 2021",155.19,156.26,153.76,154.14,693353
"ZBH","Day","Mar 17, 2021",154.85,156.63,153.21,155.72,920322
"ZBH","Day","Mar 16, 2021",156.19,156.19,153.74,155.46,1008746
"ZBH","Day","Mar 15, 2021",159.14,160.55,155.77,156.65,1088556
"ZBH","Day","Mar 12, 2021",155.17,158.56,154.93,158.29,1863517
"ZBH","Day","Mar 11, 2021",155.51,156.81,154.26,155.51,1372815
"ZBH","Day","Mar 10, 2021",153.23,156.51,152.07,155.6,1055400
"ZBH","Day","Mar 9, 2021",152.88,155.74,151.84,151.98,1289508
"ZBH","Day","Mar 8, 2021",154.04,156.09,151.75,151.82,2266070
"ZBH","Day","Mar 5, 2021",153.22,154.66,149.5,153.76,1492040
"ZBH","Day","Mar 4, 2021",154.96,154.96,149.85,151.58,1913937
"ZBH","Day","Mar 3, 2021",156.44,156.93,153.12,154.98,2112606
"ZBH","Day","Mar 2, 2021",158.45,158.82,155.4,156.37,1370713
"ZBH","Day","Mar 1, 2021",160.09,161.49,157.8,158.52,1456602
"ZBH","Day","Feb 26, 2021",160.3,161.39,156.65,158.19,1570661
"ZBH","Day","Feb 25, 2021",158.08,160.43,157.36,159.59,1435723
"ZBH","Day","Feb 24, 2021",157.24,160.27,157.1,158.8,1017965
"ZBH","Day","Feb 23, 2021",156.89,159.6,155.71,157.03,1824789
"ZBH","Day","Feb 22, 2021",150.98,156.35,150.2,155.55,1277223
"ZBH","Day","Feb 19, 2021",152.33,153.22,151.25,151.99,806558
"ZBH","Day","Feb 18, 2021",152.98,153.35,149.87,152.12,868138
"ZBH","Day","Feb 17, 2021",154.7,154.79,152.43,153.84,951116
"ZBH","Day","Feb 16, 2021",156.95,156.95,154.74,155.58,921904
"ZBH","Day","Feb 12, 2021",156.43,157.65,155.55,156.56,1206228
"ZBH","Day","Feb 11, 2021",156.66,158.98,155.22,157.36,1105320
"ZBH","Day","Feb 10, 2021",155.22,157.59,154.75,155.55,1644314
"ZBH","Day","Feb 9, 2021",155.03,155.47,153.01,154.4,1195123
"ZBH","Day","Feb 8, 2021",155.38,156.37,152.55,155.04,1327262
"ZBH","Day","Feb 5, 2021",164.97,164.97,153.74,155.11,3544859
"ZBH","Day","Feb 4, 2021",155.14,159.07,153.51,155.93,1812382
"ZBH","Day","Feb 3, 2021",153.07,154.29,151.2,153.82,941950
"ZBH","Day","Feb 2, 2021",150.52,155.88,150.24,153.76,1712543
"ZBH","Day","Feb 1, 2021",150.24,151.35,147.69,149.3,1421975
"ZBH","Day","Jan 29, 2021",151.34,152.11,147.31,149.08,1621543
"ZBH","Day","Jan 28, 2021",149.59,154.32,148.32,152.34,1540214
"ZBH","Day","Jan 27, 2021",150.59,153.01,147.48,148.04,1890046
"ZBH","Day","Jan 26, 2021",155.46,156.41,152.62,153.49,842553
"ZBH","Day","Jan 25, 2021",155.74,156.19,151.8,154.55,1343413
"ZBH","Day","Jan 22, 2021",157.01,157.88,155.79,156.2,974450
"ZBH","Day","Jan 21, 2021",159.17,160.55,157.67,158.09,1046115
"ZBH","Day","Jan 20, 2021",155.17,159.22,153.96,158.58,1184528
"ZBH","Day","Jan 19, 2021",156.47,156.77,154.53,155.15,1007297
"ZBH","Day","Jan 15, 2021",157.34,157.83,154.76,155.34,1409240
"ZBH","Day","Jan 14, 2021",157.53,160.97,157.53,157.76,1145693
"ZBH","Day","Jan 13, 2021",155.67,159.08,154.79,158.08,1675412
"ZBH","Day","Jan 12, 2021",153.63,155.26,152.35,155.05,1176974
"ZBH","Day","Jan 11, 2021",152.1,154.38,150.92,154.25,1201729
"ZBH","Day","Jan 8, 2021",155.5,157.05,153.63,154.2,1222397
"ZBH","Day","Jan 7, 2021",155.54,156.53,153.69,154.54,1201562
"ZBH","Day","Jan 6, 2021",151.,155.83,151.,155.46,1383329
"ZBH","Day","Jan 5, 2021",148.47,152.49,148.18,151.15,969824
"ZBH","Day","Jan 4, 2021",151.02,151.81,146.29,148.58,1229012
